﻿<SASReport version="1.0">
      <Data>
            <IQData type="2DEmbedded" name="TreeData">
                  <EmbeddedData>
                        <Variables>
                              <Variable name="Var1" varName="Var1" type="String" />
                              <Variable name="Var2" varName="Var2" type="String" />
                              <Variable name="Var3" varName="Var3" type="Numeric" />
                              <Variable name="Var4" varName="Var4" type="Numeric" />
                              <Variable name="Var5" varName="Var5" type="Numeric" />
                              <Variable name="Var6" varName="Var6" type="Numeric" />
                              <Variable name="Var7" varName="Var7" type="String"  />
                              <Variable name="Var8" varName="Var8" type="String" />
                              <Variable name="Var9" varName="Var9" type="Numeric" />
                        </Variables>
                        <ValuesList>
    <Values>
      <Value>Non-Missing Values</Value>
      <Value>pdays</Value>
      <Value>10</Value>
      <Value>65.76</Value>
      <Value>1</Value>
      <Value>0</Value>
      <Value>          2:        65.8%
 Count:        40322</Value>
      <Value>Node Id:            1&#10;&#10;2:        65.8%&#10;1:         0.9%&#10;6:        10.6%&#10;8:         2.3%&#10;3:         6.5%&#10;7:         0.7%&#10;9:         9.7%&#10;10:
 1.9%&#10;5:         0.9%&#10;4:         0.8%&#10; Count:        40322</Value>
      <Value>40322</Value>
    </Values>
    <Values>
      <Value>&lt; 513</Value>
      <Value>age</Value>
      <Value>0.3581171569</Value>
      <Value>52.77</Value>
      <Value>2</Value>
      <Value>1</Value>
      <Value>         10:        52.8%
 Count:         1444</Value>
      <Value>Node Id:            2&#10;&#10;2:         0.0%&#10;1:         0.1%&#10;6:         0.0%&#10;8:         0.0%&#10;3:         0.0%&#10;7:         0.0%&#10;9:         0.0%&#10;10:
 52.8%&#10;5:        25.9%&#10;4:        21.3%&#10; Count:         1444</Value>
      <Value>1444</Value>
    </Values>
    <Values>
      <Value>&gt;= 513 Or Missing</Value>
      <Value>housing</Value>
      <Value>9.6418828431</Value>
      <Value>68.2</Value>
      <Value>3</Value>
      <Value>1</Value>
      <Value>          2:        68.2%
 Count:        38878</Value>
      <Value>Node Id:            3&#10;&#10;2:        68.2%&#10;1:         1.0%&#10;6:        11.0%&#10;8:         2.4%&#10;3:         6.7%&#10;7:         0.8%&#10;9:        10.0%&#10;10:
 0.0%&#10;5:         0.0%&#10;4:         0.0%&#10; Count:        38878</Value>
      <Value>38878</Value>
    </Values>
    <Values>
      <Value>&lt; 47.5 Or Missing</Value>
      <Value>previous</Value>
      <Value>0.2430434998</Value>
      <Value>76.53</Value>
      <Value>4</Value>
      <Value>2</Value>
      <Value>         10:        76.5%
 Count:          980</Value>
      <Value>Node Id:            4&#10;&#10;2:         0.0%&#10;1:         0.1%&#10;6:         0.0%&#10;8:         0.0%&#10;3:         0.0%&#10;7:         0.0%&#10;9:         0.0%&#10;10:
 76.5%&#10;5:         0.6%&#10;4:        22.8%&#10; Count:          980</Value>
      <Value>980</Value>
    </Values>
    <Values>
      <Value>&gt;= 47.5</Value>
      <Value>previous</Value>
      <Value>0.1150736571</Value>
      <Value>79.31</Value>
      <Value>5</Value>
      <Value>2</Value>
      <Value>          5:        79.3%
 Count:          464</Value>
      <Value>Node Id:            5&#10;&#10;2:         0.0%&#10;1:         0.0%&#10;6:         0.0%&#10;8:         0.0%&#10;3:         0.0%&#10;7:         0.0%&#10;9:         0.0%&#10;10:
 2.6%&#10;5:        79.3%&#10;4:        18.1%&#10; Count:          464</Value>
      <Value>464</Value>
    </Values>
    <Values>
      <Value>NO, YES Or Missing</Value>
      <Value>campaign</Value>
      <Value>9.4092554933</Value>
      <Value>69.89</Value>
      <Value>6</Value>
      <Value>3</Value>
      <Value>          2:        69.9%
 Count:        37940</Value>
      <Value>Node Id:            6&#10;&#10;2:        69.9%&#10;1:         1.0%&#10;6:        11.2%&#10;8:         0.0%&#10;3:         6.9%&#10;7:         0.8%&#10;9:        10.3%&#10;10:
 0.0%&#10;5:         0.0%&#10;4:         0.0%&#10; Count:        37940</Value>
      <Value>37940</Value>
    </Values>
    <Values>
      <Value>UNKNOWN</Value>
      <Value></Value>
      <Value>0.2326273498</Value>
      <Value>99.47</Value>
      <Value>7</Value>
      <Value>3</Value>
      <Value>          8:        99.5%
 Count:          938</Value>
      <Value>Node Id:            7&#10;&#10;2:         0.0%&#10;1:         0.1%&#10;6:         0.0%&#10;8:        99.5%&#10;3:         0.0%&#10;7:         0.3%&#10;9:         0.0%&#10;10:
 0.0%&#10;5:         0.0%&#10;4:         0.1%&#10; Count:          938</Value>
      <Value>938</Value>
    </Values>
    <Values>
      <Value>&lt; 2.5 Or Missing</Value>
      <Value>poutcome</Value>
      <Value>0.2028669213</Value>
      <Value>91.69</Value>
      <Value>8</Value>
      <Value>4</Value>
      <Value>         10:        91.7%
 Count:          818</Value>
      <Value>Node Id:            8&#10;&#10;2:         0.0%&#10;1:         0.1%&#10;6:         0.0%&#10;8:         0.0%&#10;3:         0.0%&#10;7:         0.0%&#10;9:         0.0%&#10;10:
 91.7%&#10;5:         0.7%&#10;4:         7.5%&#10; Count:          818</Value>
      <Value>818</Value>
    </Values>
    <Values>
      <Value>&gt;= 2.5</Value>
      <Value></Value>
      <Value>0.0401765785</Value>
      <Value>100</Value>
      <Value>9</Value>
      <Value>4</Value>
      <Value>          4:       100.0%
 Count:          162</Value>
      <Value>Node Id:            9&#10;&#10;2:         0.0%&#10;1:         0.0%&#10;6:         0.0%&#10;8:         0.0%&#10;3:         0.0%&#10;7:         0.0%&#10;9:         0.0%&#10;10:
 0.0%&#10;5:         0.0%&#10;4:       100.0%&#10; Count:          162</Value>
      <Value>162</Value>
    </Values>
    <Values>
      <Value>&lt; 2.5 Or Missing</Value>
      <Value></Value>
      <Value>0.0957293785</Value>
      <Value>93.52</Value>
      <Value>10</Value>
      <Value>5</Value>
      <Value>          5:        93.5%
 Count:          386</Value>
      <Value>Node Id:           10&#10;&#10;2:         0.0%&#10;1:         0.0%&#10;6:         0.0%&#10;8:         0.0%&#10;3:         0.0%&#10;7:         0.0%&#10;9:         0.0%&#10;10:
 3.1%&#10;5:        93.5%&#10;4:         3.4%&#10; Count:          386</Value>
      <Value>386</Value>
    </Values>
    <Values>
      <Value>&gt;= 2.5</Value>
      <Value></Value>
      <Value>0.0193442786</Value>
      <Value>91.03</Value>
      <Value>11</Value>
      <Value>5</Value>
      <Value>          4:        91.0%
 Count:           78</Value>
      <Value>Node Id:           11&#10;&#10;2:         0.0%&#10;1:         0.0%&#10;6:         0.0%&#10;8:         0.0%&#10;3:         0.0%&#10;7:         0.0%&#10;9:         0.0%&#10;10:
 0.0%&#10;5:         9.0%&#10;4:        91.0%&#10; Count:           78</Value>
      <Value>78</Value>
    </Values>
    <Values>
      <Value>&lt; 16.5 Or Missing</Value>
      <Value>poutcome</Value>
      <Value>9.337086454</Value>
      <Value>70.43</Value>
      <Value>12</Value>
      <Value>6</Value>
      <Value>          2:        70.4%
 Count:        37649</Value>
      <Value>Node Id:           12&#10;&#10;2:        70.4%&#10;1:         1.0%&#10;6:        11.3%&#10;8:         0.0%&#10;3:         6.9%&#10;7:         0.0%&#10;9:        10.4%&#10;10:
 0.0%&#10;5:         0.0%&#10;4:         0.0%&#10; Count:        37649</Value>
      <Value>37649</Value>
    </Values>
    <Values>
      <Value>&gt;= 16.5</Value>
      <Value></Value>
      <Value>0.0721690392</Value>
      <Value>99.66</Value>
      <Value>13</Value>
      <Value>6</Value>
      <Value>          7:        99.7%
 Count:          291</Value>
      <Value>Node Id:           13&#10;&#10;2:         0.0%&#10;1:         0.3%&#10;6:         0.0%&#10;8:         0.0%&#10;3:         0.0%&#10;7:        99.7%&#10;9:         0.0%&#10;10:
 0.0%&#10;5:         0.0%&#10;4:         0.0%&#10; Count:          291</Value>
      <Value>291</Value>
    </Values>
    <Values>
      <Value>FAILURE</Value>
      <Value></Value>
      <Value>0.0151282178</Value>
      <Value>100</Value>
      <Value>16</Value>
      <Value>8</Value>
      <Value>          4:       100.0%
 Count:           61</Value>
      <Value>Node Id:           16&#10;&#10;2:         0.0%&#10;1:         0.0%&#10;6:         0.0%&#10;8:         0.0%&#10;3:         0.0%&#10;7:         0.0%&#10;9:         0.0%&#10;10:
 0.0%&#10;5:         0.0%&#10;4:       100.0%&#10; Count:           61</Value>
      <Value>61</Value>
    </Values>
    <Values>
      <Value>SUCCESS Or Missing</Value>
      <Value></Value>
      <Value>0.1877387034</Value>
      <Value>99.08</Value>
      <Value>17</Value>
      <Value>8</Value>
      <Value>         10:        99.1%
 Count:          757</Value>
      <Value>Node Id:           17&#10;&#10;2:         0.0%&#10;1:         0.1%&#10;6:         0.0%&#10;8:         0.0%&#10;3:         0.0%&#10;7:         0.0%&#10;9:         0.0%&#10;10:
 99.1%&#10;5:         0.8%&#10;4:         0.0%&#10; Count:          757</Value>
      <Value>757</Value>
    </Values>
    <Values>
      <Value>NONEXISTENT Or Missing</Value>
      <Value>duration</Value>
      <Value>8.3604483905</Value>
      <Value>78.65</Value>
      <Value>20</Value>
      <Value>12</Value>
      <Value>          2:        78.7%
 Count:        33711</Value>
      <Value>Node Id:           20&#10;&#10;2:        78.7%&#10;1:         1.0%&#10;6:        12.6%&#10;8:         0.0%&#10;3:         7.7%&#10;7:         0.0%&#10;9:         0.0%&#10;10:
 0.0%&#10;5:         0.0%&#10;4:         0.0%&#10; Count:        33711</Value>
      <Value>33711</Value>
    </Values>
    <Values>
      <Value>FAILURE</Value>
      <Value>duration</Value>
      <Value>0.9766380636</Value>
      <Value>98.96</Value>
      <Value>21</Value>
      <Value>12</Value>
      <Value>          9:        99.0%
 Count:         3938</Value>
      <Value>Node Id:           21&#10;&#10;2:         0.0%&#10;1:         0.8%&#10;6:         0.1%&#10;8:         0.0%&#10;3:         0.0%&#10;7:         0.0%&#10;9:        99.0%&#10;10:
 0.0%&#10;5:         0.0%&#10;4:         0.1%&#10; Count:         3938</Value>
      <Value>3938</Value>
    </Values>
    <Values>
      <Value>&lt; 1284 Or Missing</Value>
      <Value>duration</Value>
      <Value>8.2778632012</Value>
      <Value>79.44</Value>
      <Value>26</Value>
      <Value>20</Value>
      <Value>          2:        79.4%
 Count:        33378</Value>
      <Value>Node Id:           26&#10;&#10;2:        79.4%&#10;1:         0.0%&#10;6:        12.7%&#10;8:         0.0%&#10;3:         7.8%&#10;7:         0.0%&#10;9:         0.0%&#10;10:
 0.0%&#10;5:         0.0%&#10;4:         0.0%&#10; Count:        33378</Value>
      <Value>33378</Value>
    </Values>
    <Values>
      <Value>&gt;= 1284</Value>
      <Value></Value>
      <Value>0.0825851892</Value>
      <Value>99.1</Value>
      <Value>27</Value>
      <Value>20</Value>
      <Value>          1:        99.1%
 Count:          333</Value>
      <Value>Node Id:           27&#10;&#10;2:         0.0%&#10;1:        99.1%&#10;6:         0.9%&#10;8:         0.0%&#10;3:         0.0%&#10;7:         0.0%&#10;9:         0.0%&#10;10:
 0.0%&#10;5:         0.0%&#10;4:         0.0%&#10; Count:          333</Value>
      <Value>333</Value>
    </Values>
    <Values>
      <Value>&lt; 1208.5 Or Missing</Value>
      <Value></Value>
      <Value>0.9664699172</Value>
      <Value>99.82</Value>
      <Value>28</Value>
      <Value>21</Value>
      <Value>          9:        99.8%
 Count:         3897</Value>
      <Value>Node Id:           28&#10;&#10;2:         0.0%&#10;1:         0.0%&#10;6:         0.1%&#10;8:         0.0%&#10;3:         0.0%&#10;7:         0.0%&#10;9:        99.8%&#10;10:
 0.0%&#10;5:         0.0%&#10;4:         0.1%&#10; Count:         3897</Value>
      <Value>3897</Value>
    </Values>
    <Values>
      <Value>&gt;= 1208.5</Value>
      <Value></Value>
      <Value>0.0101681464</Value>
      <Value>80.49</Value>
      <Value>29</Value>
      <Value>21</Value>
      <Value>          1:        80.5%
 Count:           41</Value>
      <Value>Node Id:           29&#10;&#10;2:         0.0%&#10;1:        80.5%&#10;6:         2.4%&#10;8:         0.0%&#10;3:         0.0%&#10;7:         0.0%&#10;9:        17.1%&#10;10:
 0.0%&#10;5:         0.0%&#10;4:         0.0%&#10; Count:           41</Value>
      <Value>41</Value>
    </Values>
    <Values>
      <Value>&lt; 459.5 Or Missing</Value>
      <Value></Value>
      <Value>7.1834234413</Value>
      <Value>91.31</Value>
      <Value>30</Value>
      <Value>26</Value>
      <Value>          2:        91.3%
 Count:        28965</Value>
      <Value>Node Id:           30&#10;&#10;2:        91.3%&#10;1:         0.0%&#10;6:         0.2%&#10;8:         0.0%&#10;3:         8.5%&#10;7:         0.0%&#10;9:         0.0%&#10;10:
 0.0%&#10;5:         0.0%&#10;4:         0.0%&#10; Count:        28965</Value>
      <Value>28965</Value>
    </Values>
    <Values>
      <Value>&gt;= 459.5</Value>
      <Value></Value>
      <Value>1.0944397599</Value>
      <Value>95.24</Value>
      <Value>31</Value>
      <Value>26</Value>
      <Value>          6:        95.2%
 Count:         4413</Value>
      <Value>Node Id:           31&#10;&#10;2:         1.5%&#10;1:         0.1%&#10;6:        95.2%&#10;8:         0.0%&#10;3:         3.1%&#10;7:         0.0%&#10;9:         0.0%&#10;10:
 0.0%&#10;5:         0.0%&#10;4:         0.0%&#10; Count:         4413</Value>
      <Value>4413</Value>
    </Values>
                        </ValuesList>
                  </EmbeddedData>
            </IQData>
      </Data>

      <View>
            <Section>
                  <Body>
                        <Graph name="DecisionTree" >
                              <ChartDataList>
                                    <ChartData name="DTreeData" data="TreeData" >
                                          <Roles>
                                                <Role type="AboveText"   variable="Var1" > </Role>
                                                <Role type="BelowText"   variable="Var2" > </Role>
                                                <Role type="LinkWidth"   variable="Var3" > </Role>
                                                <Role type="NodeColor"   variable="Var4" > </Role>
                                                <Role type="ID"      variable="Var5" > </Role>
                                                <Role type="Parent"    variable="Var6" > </Role>
                                                <Role type="NodeText"    variable="Var7" > </Role>
                                                <Role type="ToolTipText" variable="Var8" > </Role>
                                                <Role type="NodeSize"    variable="Var9" > </Role>
                                          </Roles>
                                    </ChartData>
                              </ChartDataList>
                              <ColorMappers>
                                    <ColorRamp  name="NodeColorRamp"
                                                      underFlowColor="Red"
                                                      overflowColor="Green"
                                                      low="0"
                                                      high="1000"
                                                      beginColor="CX0000FF"
                                                      endColor="CXFFFFFF" >
                                    </ColorRamp>
                                    <ColorRamp  name="LinkColorRamp"
                                                      low="1"
                                                      high="10"
                                                      beginColor="CX000000"
                                                      endColor="CX000000" >
                                    </ColorRamp>
                              </ColorMappers>
                              <ChartAreas>
                                    <ChartArea>
                                          <Charts>
                                          <DecisionTree name="DTree"
                                                  chartData="DTreeData"
                                                  selectionColor="CX00FF00"
                                                  orientation="Vertical"
                                                  emptyNodes="False"
                                                  legendVisible="False"
                                                  titleAnchor="Root"
                                                  footnoteAnchor="Chart"
                                                  displayDepth="4" >

                                    <SplitVarList>
                                          <SplitVar name="SPLIT VAR A" type="DISCRETE" missingBranch="3" values="1,A:1,B:2,C:3,D"/>
                                          <SplitVar name="SPLIT VAR B" type="CONTINUOUS" breaks="10:50:100" />
                                    </SplitVarList>

                                    <IciclePlot isVisible="True"></IciclePlot>

                                    <NodeStyle colorMapper="NodeColorRamp"
                                                   outlineColor="Black"
                                                   outlineWidth="1">
                                          <NodeText textColor="Black"
                                                        textFont="SansSerif"
                                                        textSize="12 pt"
                                                        textFlags="Bold" />
                                    </NodeStyle>
                                    <FlaggedNodeStyle color="CXFF8844"
                                                              outlineColor="Black"
                                                              outlineWidth="3" >
                                          <FlaggedNodeText textColor="Black"
                                                        textFont="SansSerif"
                                                        textSize="12 pt"
                                                        textFlags="Italic" />
                                    </FlaggedNodeStyle>
                                    <LinkStyle textVisible="True"
                                                   colorMapper="LinkColorRamp"
                                                   linkStyle="Manhattan"
                                                   staticWidth="3" >
                                          <LinkText textColor="Black"
                                                        textFont="SansSerif"
                                                        textSize="10 pt"
                                                        textFlags="Bold" />
                                    </LinkStyle>
                                    <GraphStyle numBars="3"
                                                      numStacks="3"
                                                      axisMin="0"
                                                      axisMax="20"
                                                      orientation="Vertical"
                                                      visible="True" >
                                    </GraphStyle>
                              </DecisionTree>
                              </Charts>
                        </ChartArea>
                  </ChartAreas>
            </Graph>
      </Body>
      </Section>
      </View>

  </SASReport>

